Workbook

Sheet Metadata
B2: Batch Type | C2: Quantification | F2: PCR Reaction Conditions
B3: Batch Record Version | C3: 2.3 | F3: Step | G3: Temp (°C) | H3: Time (min) | I3: Cycles
B4: Machine | C4: Zoo QX600 | F4: Reverse Transcription (RT) | G4: 50 | H4: 30 | I4: 1
B5: Analysis Software Version | C5: 1.2 | F5: Enzyme Activation | G5: 95 | H5: 2 | I5: 1
B6: Amplification Method | C6: Bio-Rad OneStep RT-ddPCR Advanced Kit for Probes | F6: Denaturation | G6: 95 | H6: 10 sec | I6: 45
B7: Amplification Method Lot ID | C7: xxxxxxx | F7: Anneal & Extend | G7: 57 | H7: 1
B8: Quantification Type | C8: Droplet Digital PCR (ddPCR)
B9: Date | C9: 1
B10: Run by | C10: TD | E10: Instructions
B11: Batch ID | C11: JAM_Q000 | E11: Confirm or update the Metadata in the panel to the left and the PCR Reaction Conditions in the panel above. Then complete each ASSAY sheet in this workbook. If you are not running an assay, simply leave the plate map on that sheet EMPTY.
B12: Batch Comment

Sheet ASSAY Respiratory Multiplex
C2: 1. (a) Enter the Assay metadata below. This can affect the MASTERmix formulation so it should be done before first. (b) Confirm the fluorophores & targets match the selected Assay. (c) Enter the control wells, separating multiple control wells with a comma as necessary. | I2: 2. Enter the sample and control IDs in the Plate Map below. This determines the total reactions needed, and the volumes of each reagent to add, so it must be done before preparing the MASTERmix. IMPORTANT: Do not change any values in these two panels manually! They are automatically calculated for you from the metadata and Plate Map data.
C4: Assay Method | D4: GTM GT-Digital Flu;SC2;RSV Wastewater Surveillance Panel v1.0 for the Bio-Rad QX600 (100735) | I4: MASTERmix for single reaction (uL) | J4: MASTERmix ingredient | K4: TOTAL MASTERmix (uL)
C5: Assay Method Lot ID | D5: xxxxxxx | I5: =$D$7 - $D$6 - SUM(I6:I9) -> 2 | J5: Water (µL): | K5: =(I10*$D$30*$D$34)-SUM(K6:K9) -> 18.4 | L5: 3. Use the values in the TOTAL MASTERmix column of this panel to set up your MASTERmix for all assay reactions (including positive and negative controls). Make sure all solutions are mixed thoroughly! The values in this panel update automatically as you add reactions to the Plate Map.
C6: Sample Input Vol uL | D6: 5 | I6: =IF(Metadata!C8="Digital PCR (dPCR)",$D$7/4,$D$7/2) -> 10 | J6: Supermix (µL): | K6: =ROUNDUP(I6*$D$30*$D$34,0) -> 92
C7: Reaction Vol uL | D7: 20 | I7: =IF(Metadata!C8="Digital PCR (dPCR)",$D$7/100,$D$7/10) -> 2 | J7: RT (µL): | K7: =ROUNDUP(I7*$D$30*$D$34,1) -> 18.4
C8: Assay Comment | I8: =IF(Metadata!C8="Digital PCR (dPCR)",$D$7/20,$D$7/20) -> 1 | J8: Assay (20X) (µL): | K8: =ROUNDUP(I8*$D$30*$D$34,1) -> 9.2
I9: 0 | J9: DTT (300 mM) (uL): | K9: =ROUNDUP(I9*$D$30*$D$34,1) -> 0
I10: =SUM(I5:I8) -> 15 | J10: Total Volume (µL): | K10: =ROUNDUP(I10*$D$30*$D$34,0) -> 138 | L10: <- Use this volume to choose the necessary tube size.
C12: Fluorophore | D12: Target | E12: Negative Control Wells | F12: Positive Control Template | G12: Positive Control Wells | I12: Reaction mix ingredient | K12: Vol (uL)
C13: FAM | D13: Influenza Virus A (M) | E13: E01 | F13: Oligomer | G13: E02 | I13: MASTERmix in each reaction mix (µL): | K13: =I10*$D$33 -> 16.5 | L13: 4. Add this volume of MASTERmix (as prepared above) to each well of the PrePlate as laid out in the Plate Map below.
C14: HEX | D14: Respiratory Syncytial Virus, Bovine | E14: E01 | F14: Oligomer | G14: E02 | I14: Sample in each reaction mix (µL): | K14: =D6*$D$33 -> 5.5 | L14: 5. Add this volume of sample (or control, or water for NTC) to each well of the PrePlate as laid out in the Plate Map below.
C15: Cy5 | D15: Respiratory Syncytial Virus, Human (G) | E15: E01 | F15: Oligomer | G15: E02 | I15: Total vol for each reaction mix (µL): | K15: =SUM(K13:K14) -> 22 | L15: <- This is the total volume of each reaction in the PrePlate. There is a little extra volume to make sure you can pipette effectively in step 6.
C16: Cy5.5 | D16: Influenza Virus B (NEP/NS1) | E16: E01 | F16: Oligomer | G16: E02 | I16: Transfer vol for each well (µL): | K16: =D7 -> 20 | L16: 6. Transfer this vol of reaction to each well of the Assay Plate as laid out in the Plate Map below. | O16: <- The Assay Plate is also known as the Partition Plate (QIAcuity) or ddPCR plate (QX System).
C17: ROX | D17: SARS-CoV-2 (SC2) | E17: E01 | F17: Oligomer | G17: E02
C20: 1 | D20: 2 | E20: 3 | F20: 4 | G20: 5 | H20: 6 | I20: 7 | J20: 8 | K20: 9 | L20: 10 | M20: 11 | N20: 12
B21: A | C21: S1 | D21: S4
B22: B | C22: S2 | D22: S5
B23: C | C23: S3
B24: D | C24: BNK-001
B25: E | C25: NC | D25: PC
B26: F
B27: G
B28: H
C30: Samples in Block | D30: =COUNTIF(C21:N28,"<>"&"") -> 8 | E30: <- Do not change! | F30: This value auto-updates as you add sample and control IDs to the Plate Map above. It ensures a correct MASTERmix volume.
C33: Transfer Adjustment: | D33: 1.1 | E33: <- Do not change! | F33: These values are used to adjust the MASTERmix and reaction volumes so they can be pipetted effectively.
C34: MASTERmix Adjustment: | D34: 1.15

Sheet ASSAY Norovirus
C2: 1. (a) Enter the Assay metadata below. This can affect the MASTERmix formulation so it should be done before first. (b) Confirm the fluorophores & targets match the selected Assay. (c) Enter the control wells, separating multiple control wells with a comma as necessary. | I2: 2. Enter the sample and control IDs in the Plate Map below. This determines the total reactions needed, and the volumes of each reagent to add, so it must be done before preparing the MASTERmix. IMPORTANT: Do not change any values in these two panels manually! They are automatically calculated for you from the metadata and Plate Map data.
C4: Assay Method | D4: GTM dPCR Norovirus GI;GII Assay Kit for the Bio-Rad QX200 (100468) | I4: MASTERmix for single reaction (uL) | J4: MASTERmix ingredient | K4: TOTAL MASTERmix (uL)
C5: Assay Method Lot ID | D5: xxxxxxx | I5: =$D$7 - $D$6 - SUM(I6:I9) -> 2 | J5: Water (µL): | K5: =(I10*$D$30*$D$34)-SUM(K6:K9) -> 18.4 | L5: 3. Use the values in the TOTAL MASTERmix column of this panel to set up your MASTERmix for all assay reactions (including positive and negative controls). Make sure all solutions are mixed thoroughly! The values in this panel update automatically as you add reactions to the Plate Map.
C6: Sample Input Vol uL | D6: 5 | I6: =IF(Metadata!C8="Digital PCR (dPCR)",$D$7/4,$D$7/2) -> 10 | J6: Supermix (µL): | K6: =ROUNDUP(I6*$D$30*$D$34,0) -> 92
C7: Reaction Vol uL | D7: 20 | I7: =IF(Metadata!C8="Digital PCR (dPCR)",$D$7/100,$D$7/10) -> 2 | J7: RT (µL): | K7: =ROUNDUP(I7*$D$30*$D$34,1) -> 18.4
C8: Assay Comment | I8: =IF(Metadata!C8="Digital PCR (dPCR)",$D$7/20,$D$7/20) -> 1 | J8: Assay (20X) (µL): | K8: =ROUNDUP(I8*$D$30*$D$34,1) -> 9.2
I9: 0 | J9: DTT (300 mM) (uL): | K9: =ROUNDUP(I9*$D$30*$D$34,1) -> 0
I10: =SUM(I5:I8) -> 15 | J10: Total Volume (µL): | K10: =ROUNDUP(I10*$D$30*$D$34,0) -> 138 | L10: <- Use this volume to choose the necessary tube size.
C12: Fluorophore | D12: Target | E12: Negative Control Wells | F12: Positive Control Template | G12: Positive Control Wells | I12: Reaction mix ingredient | K12: Vol (uL)
C13: FAM | D13: Norovirus GI, Human (ORF1_2) | E13: E04 | F13: Oligomer | G13: E05 | I13: MASTERmix in each reaction mix (µL): | K13: =I10*$D$33 -> 16.5 | L13: 4. Add this volume of MASTERmix (as prepared above) to each well of the PrePlate as laid out in the Plate Map below.
C14: HEX | D14: Norovirus GII, Human (ORF1_2) | E14: E04 | F14: Oligomer | G14: E05 | I14: Sample in each reaction mix (µL): | K14: =D6*$D$33 -> 5.5 | L14: 5. Add this volume of sample (or control, or water for NTC) to each well of the PrePlate as laid out in the Plate Map below.
C15: Cy5 | I15: Total vol for each reaction mix (µL): | K15: =SUM(K13:K14) -> 22 | L15: <- This is the total volume of each reaction in the PrePlate. There is a little extra volume to make sure you can pipette effectively in step 6.
C16: Cy5.5 | I16: Transfer vol for each well (µL): | K16: =D7 -> 20 | L16: 6. Transfer this vol of reaction to each well of the Assay Plate as laid out in the Plate Map below. | O16: <- The Assay Plate is also known as the Partition Plate (QIAcuity) or ddPCR plate (QX System).
C17: ROX
C20: 1 | D20: 2 | E20: 3 | F20: 4 | G20: 5 | H20: 6 | I20: 7 | J20: 8 | K20: 9 | L20: 10 | M20: 11 | N20: 12
B21: A | F21: S1 | G21: S4
B22: B | F22: S2 | G22: S5
B23: C | F23: S3
B24: D | G24: BNK-001
B25: E | F25: NC | G25: PC
B26: F
B27: G
B28: H
C30: Samples in Block | D30: =COUNTIF(C21:N28,"<>"&"") -> 8 | E30: <- Do not change! | F30: This value auto-updates as you add sample and control IDs to the Plate Map above. It ensures a correct MASTERmix volume.
C33: Transfer Adjustment: | D33: 1.1 | E33: <- Do not change! | F33: These values are used to adjust the MASTERmix and reaction volumes so they can be pipetted effectively.
C34: MASTERmix Adjustment: | D34: 1.15

Sheet ASSAY Pertussis
C2: 1. (a) Enter the Assay metadata below. This can affect the MASTERmix formulation so it should be done before first. (b) Confirm the fluorophores & targets match the selected Assay. (c) Enter the control wells, separating multiple control wells with a comma as necessary. | I2: 2. Enter the sample and control IDs in the Plate Map below. This determines the total reactions needed, and the volumes of each reagent to add, so it must be done before preparing the MASTERmix. IMPORTANT: Do not change any values in these two panels manually! They are automatically calculated for you from the metadata and Plate Map data.
C4: Assay Method | I4: MASTERmix for single reaction (uL) | J4: MASTERmix ingredient | K4: TOTAL MASTERmix (uL)
C5: Assay Method Lot ID | D5: xxxxxxx | I5: =$D$7 - $D$6 - SUM(I6:I9) -> 2 | J5: Water (µL): | K5: =(I10*$D$30*$D$34)-SUM(K6:K9) -> 0 | L5: 3. Use the values in the TOTAL MASTERmix column of this panel to set up your MASTERmix for all assay reactions (including positive and negative controls). Make sure all solutions are mixed thoroughly! The values in this panel update automatically as you add reactions to the Plate Map.
C6: Sample Input Vol uL | D6: 5 | I6: =IF(Metadata!C8="Digital PCR (dPCR)",$D$7/4,$D$7/2) -> 10 | J6: Supermix (µL): | K6: =ROUNDUP(I6*$D$30*$D$34,0) -> 0
C7: Reaction Vol uL | D7: 20 | I7: =IF(Metadata!C8="Digital PCR (dPCR)",$D$7/100,$D$7/10) -> 2 | J7: RT (µL): | K7: =ROUNDUP(I7*$D$30*$D$34,1) -> 0
C8: Assay Comment | I8: =IF(Metadata!C8="Digital PCR (dPCR)",$D$7/20,$D$7/20) -> 1 | J8: Assay (20X) (µL): | K8: =ROUNDUP(I8*$D$30*$D$34,1) -> 0
I9: 0 | J9: DTT (300 mM) (uL): | K9: =ROUNDUP(I9*$D$30*$D$34,1) -> 0
I10: =SUM(I5:I8) -> 15 | J10: Total Volume (µL): | K10: =ROUNDUP(I10*$D$30*$D$34,0) -> 0 | L10: <- Use this volume to choose the necessary tube size.
C12: Fluorophore | D12: Target | E12: Negative Control Wells | F12: Positive Control Template | G12: Positive Control Wells | I12: Reaction mix ingredient | K12: Vol (uL)
C13: FAM | D13: Pertussis, Bordetella | E13: E07 | F13: Oligomer | G13: E08 | I13: MASTERmix in each reaction mix (µL): | K13: =I10*$D$33 -> 16.5 | L13: 4. Add this volume of MASTERmix (as prepared above) to each well of the PrePlate as laid out in the Plate Map below.
C14: HEX | I14: Sample in each reaction mix (µL): | K14: =D6*$D$33 -> 5.5 | L14: 5. Add this volume of sample (or control, or water for NTC) to each well of the PrePlate as laid out in the Plate Map below.
C15: Cy5 | I15: Total vol for each reaction mix (µL): | K15: =SUM(K13:K14) -> 22 | L15: <- This is the total volume of each reaction in the PrePlate. There is a little extra volume to make sure you can pipette effectively in step 6.
C16: Cy5.5 | I16: Transfer vol for each well (µL): | K16: =D7 -> 20 | L16: 6. Transfer this vol of reaction to each well of the Assay Plate as laid out in the Plate Map below. | O16: <- The Assay Plate is also known as the Partition Plate (QIAcuity) or ddPCR plate (QX System).
C17: ROX
C20: 1 | D20: 2 | E20: 3 | F20: 4 | G20: 5 | H20: 6 | I20: 7 | J20: 8 | K20: 9 | L20: 10 | M20: 11 | N20: 12
B21: A
B22: B
B23: C
B24: D
B25: E
B26: F
B27: G
B28: H
C30: Samples in Block | D30: =COUNTIF(C21:N28,"<>"&"") -> 0 | E30: <- Do not change! | F30: This value auto-updates as you add sample and control IDs to the Plate Map above. It ensures a correct MASTERmix volume.
C33: Transfer Adjustment: | D33: 1.1 | E33: <- Do not change! | F33: These values are used to adjust the MASTERmix and reaction volumes so they can be pipetted effectively.
C34: MASTERmix Adjustment: | D34: 1.15

Sheet ASSAY Measles
C2: 1. (a) Enter the Assay metadata below. This can affect the MASTERmix formulation so it should be done before first. (b) Confirm the fluorophores & targets match the selected Assay. (c) Enter the control wells, separating multiple control wells with a comma as necessary. | I2: 2. Enter the sample and control IDs in the Plate Map below. This determines the total reactions needed, and the volumes of each reagent to add, so it must be done before preparing the MASTERmix. IMPORTANT: Do not change any values in these two panels manually! They are automatically calculated for you from the metadata and Plate Map data.
C4: Assay Method | D4: GTM GT-Digital MeV WT Wastewater Surveillance Assay v1.0 for the QX200/QX600 (100840) | I4: MASTERmix for single reaction (uL) | J4: MASTERmix ingredient | K4: TOTAL MASTERmix (uL)
C5: Assay Method Lot ID | D5: xxxxxxx | I5: =$D$7 - $D$6 - SUM(I6:I9) -> 2 | J5: Water (µL): | K5: =(I10*$D$30*$D$34)-SUM(K6:K9) -> 0 | L5: 3. Use the values in the TOTAL MASTERmix column of this panel to set up your MASTERmix for all assay reactions (including positive and negative controls). Make sure all solutions are mixed thoroughly! The values in this panel update automatically as you add reactions to the Plate Map.
C6: Sample Input Vol uL | D6: 5 | I6: =IF(Metadata!C8="Digital PCR (dPCR)",$D$7/4,$D$7/2) -> 10 | J6: Supermix (µL): | K6: =ROUNDUP(I6*$D$30*$D$34,0) -> 0
C7: Reaction Vol uL | D7: 20 | I7: =IF(Metadata!C8="Digital PCR (dPCR)",$D$7/100,$D$7/10) -> 2 | J7: RT (µL): | K7: =ROUNDUP(I7*$D$30*$D$34,1) -> 0
C8: Assay Comment | I8: =IF(Metadata!C8="Digital PCR (dPCR)",$D$7/20,$D$7/20) -> 1 | J8: Assay (20X) (µL): | K8: =ROUNDUP(I8*$D$30*$D$34,1) -> 0
I9: 0 | J9: DTT (300 mM) (uL): | K9: =ROUNDUP(I9*$D$30*$D$34,1) -> 0
I10: =SUM(I5:I8) -> 15 | J10: Total Volume (µL): | K10: =ROUNDUP(I10*$D$30*$D$34,0) -> 0 | L10: <- Use this volume to choose the necessary tube size.
C12: Fluorophore | D12: Target | E12: Negative Control Wells | F12: Positive Control Template | G12: Positive Control Wells | I12: Reaction mix ingredient | K12: Vol (uL)
C13: FAM | D13: Measles Virus, Wild-Type (M) | E13: E10 | F13: Oligomer | G13: E11 | I13: MASTERmix in each reaction mix (µL): | K13: =I10*$D$33 -> 16.5 | L13: 4. Add this volume of MASTERmix (as prepared above) to each well of the PrePlate as laid out in the Plate Map below.
C14: HEX | I14: Sample in each reaction mix (µL): | K14: =D6*$D$33 -> 5.5 | L14: 5. Add this volume of sample (or control, or water for NTC) to each well of the PrePlate as laid out in the Plate Map below.
C15: Cy5 | I15: Total vol for each reaction mix (µL): | K15: =SUM(K13:K14) -> 22 | L15: <- This is the total volume of each reaction in the PrePlate. There is a little extra volume to make sure you can pipette effectively in step 6.
C16: Cy5.5 | I16: Transfer vol for each well (µL): | K16: =D7 -> 20 | L16: 6. Transfer this vol of reaction to each well of the Assay Plate as laid out in the Plate Map below. | O16: <- The Assay Plate is also known as the Partition Plate (QIAcuity) or ddPCR plate (QX System).
C17: ROX
C20: 1 | D20: 2 | E20: 3 | F20: 4 | G20: 5 | H20: 6 | I20: 7 | J20: 8 | K20: 9 | L20: 10 | M20: 11 | N20: 12
B21: A
B22: B
B23: C
B24: D
B25: E
B26: F
B27: G
B28: H
C30: Samples in Block | D30: =COUNTIF(C21:N28,"<>"&"") -> 0 | E30: <- Do not change! | F30: This value auto-updates as you add sample and control IDs to the Plate Map above. It ensures a correct MASTERmix volume.
C33: Transfer Adjustment: | D33: 1.1 | E33: <- Do not change! | F33: These values are used to adjust the MASTERmix and reaction volumes so they can be pipetted effectively.
C34: MASTERmix Adjustment: | D34: 1.15

Sheet Plate Map Review
G2: Instructions
C3: Full Plate Map | G3: Compatible molecular assays can be run on the same quantification (Q) plate, as long as the PCR cycling conditions are the same. This is accomplished by running each assay in a separate block of wells.
G5: PLEASE DO NOT ENTER OR CHANGE VALUES IN THE PLATE MAP BELOW.
C6: For Review Only | G6: The values in this sheet will automatically update as you complete the ASSAY sheets. This sheet is provided only as a convenience, particularly for final plate validation and run setup. It is not used in the data analysis workflow.
C9: 1 | D9: 2 | E9: 3 | F9: 4 | G9: 5 | H9: 6 | I9: 7 | J9: 8 | K9: 9 | L9: 10 | M9: 11 | N9: 12
B10: A | C10: =IF(OR(ISTEXT('ASSAY Respiratory Multiplex'!C21),ISTEXT('ASSAY Norovirus'!C21),ISTEXT('ASSAY Pertussis'!C21),ISTEXT('ASSAY Measles'!C21)),"YES", "") -> YES | D10: =IF(OR(ISTEXT('ASSAY Respiratory Multiplex'!D21),ISTEXT('ASSAY Norovirus'!D21),ISTEXT('ASSAY Pertussis'!D21),ISTEXT('ASSAY Measles'!D21)),"YES", "") -> YES | E10: =IF(OR(ISTEXT('ASSAY Respiratory Multiplex'!E21),ISTEXT('ASSAY Norovirus'!E21),ISTEXT('ASSAY Pertussis'!E21),ISTEXT('ASSAY Measles'!E21)),"YES", "") | F10: =IF(OR(ISTEXT('ASSAY Respiratory Multiplex'!F21),ISTEXT('ASSAY Norovirus'!F21),ISTEXT('ASSAY Pertussis'!F21),ISTEXT('ASSAY Measles'!F21)),"YES", "") -> YES | G10: =IF(OR(ISTEXT('ASSAY Respiratory Multiplex'!G21),ISTEXT('ASSAY Norovirus'!G21),ISTEXT('ASSAY Pertussis'!G21),ISTEXT('ASSAY Measles'!G21)),"YES", "") -> YES | H10: =IF(OR(ISTEXT('ASSAY Respiratory Multiplex'!H21),ISTEXT('ASSAY Norovirus'!H21),ISTEXT('ASSAY Pertussis'!H21),ISTEXT('ASSAY Measles'!H21)),"YES", "") | I10: =IF(OR(ISTEXT('ASSAY Respiratory Multiplex'!I21),ISTEXT('ASSAY Norovirus'!I21),ISTEXT('ASSAY Pertussis'!I21),ISTEXT('ASSAY Measles'!I21)),"YES", "") | J10: =IF(OR(ISTEXT('ASSAY Respiratory Multiplex'!J21),ISTEXT('ASSAY Norovirus'!J21),ISTEXT('ASSAY Pertussis'!J21),ISTEXT('ASSAY Measles'!J21)),"YES", "") | ... N10: =IF(OR(ISTEXT('ASSAY Respiratory Multiplex'!N21),ISTEXT('ASSAY Norovirus'!N21),ISTEXT('ASSAY Pertussis'!N21),ISTEXT('ASSAY Measles'!N21)),"YES", "")
B11: B | C11: =IF(OR(ISTEXT('ASSAY Respiratory Multiplex'!C22),ISTEXT('ASSAY Norovirus'!C22),ISTEXT('ASSAY Pertussis'!C22),ISTEXT('ASSAY Measles'!C22)),"YES", "") -> YES | D11: =IF(OR(ISTEXT('ASSAY Respiratory Multiplex'!D22),ISTEXT('ASSAY Norovirus'!D22),ISTEXT('ASSAY Pertussis'!D22),ISTEXT('ASSAY Measles'!D22)),"YES", "") -> YES | E11: =IF(OR(ISTEXT('ASSAY Respiratory Multiplex'!E22),ISTEXT('ASSAY Norovirus'!E22),ISTEXT('ASSAY Pertussis'!E22),ISTEXT('ASSAY Measles'!E22)),"YES", "") | F11: =IF(OR(ISTEXT('ASSAY Respiratory Multiplex'!F22),ISTEXT('ASSAY Norovirus'!F22),ISTEXT('ASSAY Pertussis'!F22),ISTEXT('ASSAY Measles'!F22)),"YES", "") -> YES | G11: =IF(OR(ISTEXT('ASSAY Respiratory Multiplex'!G22),ISTEXT('ASSAY Norovirus'!G22),ISTEXT('ASSAY Pertussis'!G22),ISTEXT('ASSAY Measles'!G22)),"YES", "") -> YES | H11: =IF(OR(ISTEXT('ASSAY Respiratory Multiplex'!H22),ISTEXT('ASSAY Norovirus'!H22),ISTEXT('ASSAY Pertussis'!H22),ISTEXT('ASSAY Measles'!H22)),"YES", "") | I11: =IF(OR(ISTEXT('ASSAY Respiratory Multiplex'!I22),ISTEXT('ASSAY Norovirus'!I22),ISTEXT('ASSAY Pertussis'!I22),ISTEXT('ASSAY Measles'!I22)),"YES", "") | J11: =IF(OR(ISTEXT('ASSAY Respiratory Multiplex'!J22),ISTEXT('ASSAY Norovirus'!J22),ISTEXT('ASSAY Pertussis'!J22),ISTEXT('ASSAY Measles'!J22)),"YES", "") | ... N11: =IF(OR(ISTEXT('ASSAY Respiratory Multiplex'!N22),ISTEXT('ASSAY Norovirus'!N22),ISTEXT('ASSAY Pertussis'!N22),ISTEXT('ASSAY Measles'!N22)),"YES", "")
B12: C | C12: =IF(OR(ISTEXT('ASSAY Respiratory Multiplex'!C23),ISTEXT('ASSAY Norovirus'!C23),ISTEXT('ASSAY Pertussis'!C23),ISTEXT('ASSAY Measles'!C23)),"YES", "") -> YES | D12: =IF(OR(ISTEXT('ASSAY Respiratory Multiplex'!D23),ISTEXT('ASSAY Norovirus'!D23),ISTEXT('ASSAY Pertussis'!D23),ISTEXT('ASSAY Measles'!D23)),"YES", "") | E12: =IF(OR(ISTEXT('ASSAY Respiratory Multiplex'!E23),ISTEXT('ASSAY Norovirus'!E23),ISTEXT('ASSAY Pertussis'!E23),ISTEXT('ASSAY Measles'!E23)),"YES", "") | F12: =IF(OR(ISTEXT('ASSAY Respiratory Multiplex'!F23),ISTEXT('ASSAY Norovirus'!F23),ISTEXT('ASSAY Pertussis'!F23),ISTEXT('ASSAY Measles'!F23)),"YES", "") -> YES | G12: =IF(OR(ISTEXT('ASSAY Respiratory Multiplex'!G23),ISTEXT('ASSAY Norovirus'!G23),ISTEXT('ASSAY Pertussis'!G23),ISTEXT('ASSAY Measles'!G23)),"YES", "") | H12: =IF(OR(ISTEXT('ASSAY Respiratory Multiplex'!H23),ISTEXT('ASSAY Norovirus'!H23),ISTEXT('ASSAY Pertussis'!H23),ISTEXT('ASSAY Measles'!H23)),"YES", "") | I12: =IF(OR(ISTEXT('ASSAY Respiratory Multiplex'!I23),ISTEXT('ASSAY Norovirus'!I23),ISTEXT('ASSAY Pertussis'!I23),ISTEXT('ASSAY Measles'!I23)),"YES", "") | J12: =IF(OR(ISTEXT('ASSAY Respiratory Multiplex'!J23),ISTEXT('ASSAY Norovirus'!J23),ISTEXT('ASSAY Pertussis'!J23),ISTEXT('ASSAY Measles'!J23)),"YES", "") | ... N12: =IF(OR(ISTEXT('ASSAY Respiratory Multiplex'!N23),ISTEXT('ASSAY Norovirus'!N23),ISTEXT('ASSAY Pertussis'!N23),ISTEXT('ASSAY Measles'!N23)),"YES", "")
B13: D | C13: =IF(OR(ISTEXT('ASSAY Respiratory Multiplex'!C24),ISTEXT('ASSAY Norovirus'!C24),ISTEXT('ASSAY Pertussis'!C24),ISTEXT('ASSAY Measles'!C24)),"YES", "") -> YES | D13: =IF(OR(ISTEXT('ASSAY Respiratory Multiplex'!D24),ISTEXT('ASSAY Norovirus'!D24),ISTEXT('ASSAY Pertussis'!D24),ISTEXT('ASSAY Measles'!D24)),"YES", "") | E13: =IF(OR(ISTEXT('ASSAY Respiratory Multiplex'!E24),ISTEXT('ASSAY Norovirus'!E24),ISTEXT('ASSAY Pertussis'!E24),ISTEXT('ASSAY Measles'!E24)),"YES", "") | F13: =IF(OR(ISTEXT('ASSAY Respiratory Multiplex'!F24),ISTEXT('ASSAY Norovirus'!F24),ISTEXT('ASSAY Pertussis'!F24),ISTEXT('ASSAY Measles'!F24)),"YES", "") | G13: =IF(OR(ISTEXT('ASSAY Respiratory Multiplex'!G24),ISTEXT('ASSAY Norovirus'!G24),ISTEXT('ASSAY Pertussis'!G24),ISTEXT('ASSAY Measles'!G24)),"YES", "") -> YES | H13: =IF(OR(ISTEXT('ASSAY Respiratory Multiplex'!H24),ISTEXT('ASSAY Norovirus'!H24),ISTEXT('ASSAY Pertussis'!H24),ISTEXT('ASSAY Measles'!H24)),"YES", "") | I13: =IF(OR(ISTEXT('ASSAY Respiratory Multiplex'!I24),ISTEXT('ASSAY Norovirus'!I24),ISTEXT('ASSAY Pertussis'!I24),ISTEXT('ASSAY Measles'!I24)),"YES", "") | J13: =IF(OR(ISTEXT('ASSAY Respiratory Multiplex'!J24),ISTEXT('ASSAY Norovirus'!J24),ISTEXT('ASSAY Pertussis'!J24),ISTEXT('ASSAY Measles'!J24)),"YES", "") | ... N13: =IF(OR(ISTEXT('ASSAY Respiratory Multiplex'!N24),ISTEXT('ASSAY Norovirus'!N24),ISTEXT('ASSAY Pertussis'!N24),ISTEXT('ASSAY Measles'!N24)),"YES", "")
B14: E | C14: =IF(OR(ISTEXT('ASSAY Respiratory Multiplex'!C25),ISTEXT('ASSAY Norovirus'!C25),ISTEXT('ASSAY Pertussis'!C25),ISTEXT('ASSAY Measles'!C25)),"YES", "") -> YES | D14: =IF(OR(ISTEXT('ASSAY Respiratory Multiplex'!D25),ISTEXT('ASSAY Norovirus'!D25),ISTEXT('ASSAY Pertussis'!D25),ISTEXT('ASSAY Measles'!D25)),"YES", "") -> YES | E14: =IF(OR(ISTEXT('ASSAY Respiratory Multiplex'!E25),ISTEXT('ASSAY Norovirus'!E25),ISTEXT('ASSAY Pertussis'!E25),ISTEXT('ASSAY Measles'!E25)),"YES", "") | F14: =IF(OR(ISTEXT('ASSAY Respiratory Multiplex'!F25),ISTEXT('ASSAY Norovirus'!F25),ISTEXT('ASSAY Pertussis'!F25),ISTEXT('ASSAY Measles'!F25)),"YES", "") -> YES | G14: =IF(OR(ISTEXT('ASSAY Respiratory Multiplex'!G25),ISTEXT('ASSAY Norovirus'!G25),ISTEXT('ASSAY Pertussis'!G25),ISTEXT('ASSAY Measles'!G25)),"YES", "") -> YES | H14: =IF(OR(ISTEXT('ASSAY Respiratory Multiplex'!H25),ISTEXT('ASSAY Norovirus'!H25),ISTEXT('ASSAY Pertussis'!H25),ISTEXT('ASSAY Measles'!H25)),"YES", "") | I14: =IF(OR(ISTEXT('ASSAY Respiratory Multiplex'!I25),ISTEXT('ASSAY Norovirus'!I25),ISTEXT('ASSAY Pertussis'!I25),ISTEXT('ASSAY Measles'!I25)),"YES", "") | J14: =IF(OR(ISTEXT('ASSAY Respiratory Multiplex'!J25),ISTEXT('ASSAY Norovirus'!J25),ISTEXT('ASSAY Pertussis'!J25),ISTEXT('ASSAY Measles'!J25)),"YES", "") | ... N14: =IF(OR(ISTEXT('ASSAY Respiratory Multiplex'!N25),ISTEXT('ASSAY Norovirus'!N25),ISTEXT('ASSAY Pertussis'!N25),ISTEXT('ASSAY Measles'!N25)),"YES", "")
B15: F | C15: =IF(OR(ISTEXT('ASSAY Respiratory Multiplex'!C26),ISTEXT('ASSAY Norovirus'!C26),ISTEXT('ASSAY Pertussis'!C26),ISTEXT('ASSAY Measles'!C26)),"YES", "") | D15: =IF(OR(ISTEXT('ASSAY Respiratory Multiplex'!D26),ISTEXT('ASSAY Norovirus'!D26),ISTEXT('ASSAY Pertussis'!D26),ISTEXT('ASSAY Measles'!D26)),"YES", "") | E15: =IF(OR(ISTEXT('ASSAY Respiratory Multiplex'!E26),ISTEXT('ASSAY Norovirus'!E26),ISTEXT('ASSAY Pertussis'!E26),ISTEXT('ASSAY Measles'!E26)),"YES", "") | F15: =IF(OR(ISTEXT('ASSAY Respiratory Multiplex'!F26),ISTEXT('ASSAY Norovirus'!F26),ISTEXT('ASSAY Pertussis'!F26),ISTEXT('ASSAY Measles'!F26)),"YES", "") | G15: =IF(OR(ISTEXT('ASSAY Respiratory Multiplex'!G26),ISTEXT('ASSAY Norovirus'!G26),ISTEXT('ASSAY Pertussis'!G26),ISTEXT('ASSAY Measles'!G26)),"YES", "") | H15: =IF(OR(ISTEXT('ASSAY Respiratory Multiplex'!H26),ISTEXT('ASSAY Norovirus'!H26),ISTEXT('ASSAY Pertussis'!H26),ISTEXT('ASSAY Measles'!H26)),"YES", "") | I15: =IF(OR(ISTEXT('ASSAY Respiratory Multiplex'!I26),ISTEXT('ASSAY Norovirus'!I26),ISTEXT('ASSAY Pertussis'!I26),ISTEXT('ASSAY Measles'!I26)),"YES", "") | J15: =IF(OR(ISTEXT('ASSAY Respiratory Multiplex'!J26),ISTEXT('ASSAY Norovirus'!J26),ISTEXT('ASSAY Pertussis'!J26),ISTEXT('ASSAY Measles'!J26)),"YES", "") | ... N15: =IF(OR(ISTEXT('ASSAY Respiratory Multiplex'!N26),ISTEXT('ASSAY Norovirus'!N26),ISTEXT('ASSAY Pertussis'!N26),ISTEXT('ASSAY Measles'!N26)),"YES", "")
B16: G | C16: =IF(OR(ISTEXT('ASSAY Respiratory Multiplex'!C27),ISTEXT('ASSAY Norovirus'!C27),ISTEXT('ASSAY Pertussis'!C27),ISTEXT('ASSAY Measles'!C27)),"YES", "") | D16: =IF(OR(ISTEXT('ASSAY Respiratory Multiplex'!D27),ISTEXT('ASSAY Norovirus'!D27),ISTEXT('ASSAY Pertussis'!D27),ISTEXT('ASSAY Measles'!D27)),"YES", "") | E16: =IF(OR(ISTEXT('ASSAY Respiratory Multiplex'!E27),ISTEXT('ASSAY Norovirus'!E27),ISTEXT('ASSAY Pertussis'!E27),ISTEXT('ASSAY Measles'!E27)),"YES", "") | F16: =IF(OR(ISTEXT('ASSAY Respiratory Multiplex'!F27),ISTEXT('ASSAY Norovirus'!F27),ISTEXT('ASSAY Pertussis'!F27),ISTEXT('ASSAY Measles'!F27)),"YES", "") | G16: =IF(OR(ISTEXT('ASSAY Respiratory Multiplex'!G27),ISTEXT('ASSAY Norovirus'!G27),ISTEXT('ASSAY Pertussis'!G27),ISTEXT('ASSAY Measles'!G27)),"YES", "") | H16: =IF(OR(ISTEXT('ASSAY Respiratory Multiplex'!H27),ISTEXT('ASSAY Norovirus'!H27),ISTEXT('ASSAY Pertussis'!H27),ISTEXT('ASSAY Measles'!H27)),"YES", "") | I16: =IF(OR(ISTEXT('ASSAY Respiratory Multiplex'!I27),ISTEXT('ASSAY Norovirus'!I27),ISTEXT('ASSAY Pertussis'!I27),ISTEXT('ASSAY Measles'!I27)),"YES", "") | J16: =IF(OR(ISTEXT('ASSAY Respiratory Multiplex'!J27),ISTEXT('ASSAY Norovirus'!J27),ISTEXT('ASSAY Pertussis'!J27),ISTEXT('ASSAY Measles'!J27)),"YES", "") | ... N16: =IF(OR(ISTEXT('ASSAY Respiratory Multiplex'!N27),ISTEXT('ASSAY Norovirus'!N27),ISTEXT('ASSAY Pertussis'!N27),ISTEXT('ASSAY Measles'!N27)),"YES", "")
B17: H | C17: =IF(OR(ISTEXT('ASSAY Respiratory Multiplex'!C28),ISTEXT('ASSAY Norovirus'!C28),ISTEXT('ASSAY Pertussis'!C28),ISTEXT('ASSAY Measles'!C28)),"YES", "") | D17: =IF(OR(ISTEXT('ASSAY Respiratory Multiplex'!D28),ISTEXT('ASSAY Norovirus'!D28),ISTEXT('ASSAY Pertussis'!D28),ISTEXT('ASSAY Measles'!D28)),"YES", "") | E17: =IF(OR(ISTEXT('ASSAY Respiratory Multiplex'!E28),ISTEXT('ASSAY Norovirus'!E28),ISTEXT('ASSAY Pertussis'!E28),ISTEXT('ASSAY Measles'!E28)),"YES", "") | F17: =IF(OR(ISTEXT('ASSAY Respiratory Multiplex'!F28),ISTEXT('ASSAY Norovirus'!F28),ISTEXT('ASSAY Pertussis'!F28),ISTEXT('ASSAY Measles'!F28)),"YES", "") | G17: =IF(OR(ISTEXT('ASSAY Respiratory Multiplex'!G28),ISTEXT('ASSAY Norovirus'!G28),ISTEXT('ASSAY Pertussis'!G28),ISTEXT('ASSAY Measles'!G28)),"YES", "") | H17: =IF(OR(ISTEXT('ASSAY Respiratory Multiplex'!H28),ISTEXT('ASSAY Norovirus'!H28),ISTEXT('ASSAY Pertussis'!H28),ISTEXT('ASSAY Measles'!H28)),"YES", "") | I17: =IF(OR(ISTEXT('ASSAY Respiratory Multiplex'!I28),ISTEXT('ASSAY Norovirus'!I28),ISTEXT('ASSAY Pertussis'!I28),ISTEXT('ASSAY Measles'!I28)),"YES", "") | J17: =IF(OR(ISTEXT('ASSAY Respiratory Multiplex'!J28),ISTEXT('ASSAY Norovirus'!J28),ISTEXT('ASSAY Pertussis'!J28),ISTEXT('ASSAY Measles'!J28)),"YES", "") | ... N17: =IF(OR(ISTEXT('ASSAY Respiratory Multiplex'!N28),ISTEXT('ASSAY Norovirus'!N28),ISTEXT('ASSAY Pertussis'!N28),ISTEXT('ASSAY Measles'!N28)),"YES", "")
C19: Samples on Plate | D19: =COUNTIF(C10:N17,"YES") -> 16 | E19: <- Do not change! | F19: Just like the Plate Map above, this value auto-updates as you add sample and control IDs to the ASSAY sheets.

Sheet Lists
A1: Machine IDs | B1: Targets | C1: Categories | D1: Target Macromolecules | E1: Control Templates | F1: Control Types | G1: Fluorophores | H1: Amplification Methods | I1: Assay Types | J1: Assays | K1: Analysis Software Versions | L1: Hosts | M1: Well
A2: Zoo QX200 | B2: SARS-CoV-2 (SC2) | C2: Pathogen | D2: None | E2: None | F2: PCR Negative | G2: FAM | H2: Bio-Rad OneStep RT-ddPCR Advanced Kit for Probes | I2: Droplet Digital PCR (ddPCR) | J2: ----------------------------- DROPLET DIGITAL ASSAYS ----------------------------- | K2: 2 | L2: NA | M2: A01
A3: Zoo QX600 | B3: SARS-CoV-2 (N1) | C3: Gene or Genomic Region | D3: DNA | E3: Oligomer | F3: PCR Positive | G3: HEX | H3: Bio-Rad ddPCR Supermix for Probes | I3: Digital PCR (dPCR) | J3: GTM GT-Digital Flu;SC2;RSV Wastewater Surveillance Panel v1.0 for the Bio-Rad QX600 (100735) | K3: 1.2 | L3: Human | M3: A02
A4: Zoo Qiacuity 1 | B4: SARS-CoV-2 (N2) | C4: Internal Control | D4: RNA | E4: SARS-CoV-2 | F4: Other | G4: Cy5 | H4: ----------------------------- | I4: Real-Time qPCR (indirect) | J4: GTM GT-Digital MeV WT Wastewater Surveillance Assay v1.0 for the QX200/QX600 (100840) | K4: 3.2 | L4: Avian | M4: A03
A5: Other | B5: Human (RNase P) | C5: Other | D5: Protein | E5: LV-SARS_N | G5: Cy5.5 | H5: QIAcuity OneStep Advanced Probe Kit | I5: Rare Mutation Detection | J5: GTM dPCR NVO;Mpox Assay Kit v1.0 for the QX200-BETA (100458) | L5: Swine | M5: A04
B6: Human Immunodeficiency Virus 1 | D6: Other | E6: Influenza A | G6: ROX | H6: ----------------------------- | I6: Other | J6: GTM dPCR NVO;Mpox Assay Kit v1.0 for the QX200-BETA (100458) plus GT-Digitial Mpox Clade I OPG210 ROX Add-On for the QX600 (100865) | L6: Multiple | M6: A05
B7: Human Immunodeficiency Virus 2 | E7: Influenza B | G7: ATTO 590 | H7: Other | J7: GTM dPCR Norovirus GI;GII Assay Kit for the Bio-Rad QX200 (100468) | L7: Other | M7: A06
B8: Influenza Virus A (M) | E8: PMMoV | G8: FAM/HEX | J8: ----------------------------- | M8: A07
B9: Influenza Virus B (NEP/NS1) | E9: Respiratory Syncytial Virus, Bovine | G9: Cy5/Cy5.5 | J9: Bio-Rad Influenza A (M), B (NEP/NS1), Human (RNAse P) Triplex (dEXD84844642) | M9: A08
B10: Measles Virus, Wild-Type (N) | E10: Other | J10: Bio-Rad SARS-CoV-2 (HVdel69-70) (dMDS944624402) | M10: A09
B11: Measles Virus, Wild-Type (M) | J11: Bio-Rad SARS-CoV-2 (N1, N2) Duplex (dEXD15704188) | M11: A10
B12: Mpox Virus Clade I (F3L) | J12: Bio-Rad SARS-CoV-2 (N1, N2), BRSV (N) Triplex (dEXD41434415) | M12: A11
B13: Mpox Virus Clade II (F3L) | J13: Bio-Rad SARS-CoV-2 (N1, N2), Human (RNAse P) Triplex (dEXD28563542) | M13: A12
B14: Non-Variola Orthopoxviruses | J14: Bio-Rad SARS-CoV-2 (N1) (dEXD54243734) | M14: B01
B15: Norovirus GI, Human (ORF1_2) | J15: Bio-Rad SARS-CoV-2 (N2) (dEXD28513507) | M15: B02
B16: Norovirus GII, Human (ORF1_2) | J16: Bio-Rad Variant SARS-CoV-2 Multiplex (dEXD15841942) | M16: B03
B17: Pepper Mild Mottle Virus | J17: ----------------------------- DIGITAL ASSAYS ----------------------------- | M17: B04
B18: Pertussis, Bordetella | J18: GTM GT-Digital Flu;SC2;RSV WW Surveillance Panel for QIAcuity R001 (100740) | M18: B05
B19: Respiratory Syncytial Virus, Bovine | J19: GTM GT-Digital MeV Cy5 WW SurvAssay for QIAcuity v1.0 (100831) | M19: B06
B20: Respiratory Syncytial Virus, Human (G) | J20: GTM GT-Digital MeV WT M Gene WW Surveillance Assay v1.0 for the Qiacuity-BETA (101035) | M20: B07
B21: Other | J21: GTM GT-Digital Norovirus GI;Norovirus GII Assay Kit for the QIAcuity Digital PCR System v1.1 (100469-1.1) | M21: B08
J22: GTM GT-Digital B. pertussis WW Surv Assay v1.0 for the QIAcuity R001 (101125) | M22: B09
J23: GTM GT-Digital C. auris;C. jejuni Assay Kit for the QIAcuity Digital PCR System v1.1 - BETA (100529-1.1) | M23: B10
J24: GTM GT-Digital NVO;Mpox Assay Kit for the QIAcuity Digital PCR System v1.1 - BETA (100459-1.1) | M24: B11
J25: GTM GT-Digital infA;infB Assay Kit v1.1 for the QIAcuity-BETA (100519-1.1) | M25: B12
M26: C01
M27: C02
M28: C03
M29: C04
M30: C05
M31: C06
M32: C07
M33: C08
M34: C09
M35: C10
M36: C11
M37: C12
... M97: H12
